"pk","sk","data","entity_type","GSI1PK","GSI1SK"
"TASK#T000008","DETAIL","{""policy_id"":{""NULL"":true},""due_date"":{""S"":""2026-01-24T14:00:00Z""},""description"":{""S"":""Conduct quarterly portfolio review meeting with Dylan Jackson. Review Q4 performance and discuss Q1 strategy.""},""created_at"":{""S"":""2026-01-10T09:00:00Z""},""ai_completion_data"":{""NULL"":true},""task_id"":{""S"":""T000008""},""ai_completed"":{""BOOL"":false},""title"":{""S"":""Quarterly review meeting with Dylan Jackson""},""priority"":{""S"":""high""},""created_by"":{""S"":""advisor""},""client_id"":{""S"":""C000026""},""tags"":{""L"":[{""S"":""meeting""},{""S"":""quarterly-review""},{""S"":""portfolio""}]},""completed_at"":{""NULL"":true},""updated_at"":{""S"":""2026-01-10T09:00:00Z""},""ai_action_type"":{""NULL"":true},""updated_by"":{""S"":""advisor""},""task_type"":{""S"":""meeting""},""client_name"":{""S"":""Dylan Jackson""},""status"":{""S"":""pending""},""assigned_to"":{""S"":""advisor""}}","TASK","STATUS#pending","DUE#2026-01-24T14:00:00Z#T000008"
"CLIENT#C000016","PROFILE","{""country"":{""S"":""Canada""},""occupation"":{""S"":""Commercial horticulturist""},""offboarding_date"":{""NULL"":true},""referral_source"":{""S"":""Event""},""client_type"":{""S"":""Individual""},""preferred_contact_time"":{""S"":""Afternoon""},""secondary_email"":{""NULL"":true},""client_id"":{""S"":""C000016""},""primary_phone"":{""S"":""816-388-9746x50869""},""relationship_start_date"":{""S"":""2024-03-04""},""last_interaction_summary"":{""S"":""Expect value force race.""},""privacy_policy_version_accepted"":{""S"":""v1.1""},""last_contact"":{""S"":""2025-10-27T01:23:35.721404Z""},""risk_profile"":{""S"":""aggressive""},""client_tags"":{""L"":[{""S"":""reality""},{""S"":""or""}]},""kyc_completed_date"":{""S"":""2024-05-10""},""record_version"":{""N"":""2""},""consent_data_processing"":{""BOOL"":true},""created_by"":{""S"":""User6""},""deleted_at"":{""NULL"":true},""relationship_end_date"":{""NULL"":true},""updated_by"":{""S"":""User2""},""consent_timestamp"":{""S"":""2024-03-10""},""preferred_name"":{""S"":""Hannah""},""gender"":{""S"":""Female""},""city"":{""S"":""Vancouver""},""date_of_birth"":{""S"":""1975-08-23""},""created_at"":{""S"":""2024-08-22T01:23:35.721398Z""},""employer_name"":{""S"":""Ferguson-Greer""},""external_client_reference"":{""S"":""EXT-6622""},""internal_notes"":{""S"":""Ago short cold seven. Deep find instead great yes age.""},""updated_at"":{""S"":""2025-10-27T01:23:35.721404Z""},""secondary_phone"":{""S"":""454-465-6292x137""},""client_segment"":{""S"":""High Net Worth""},""address_line_1"":{""S"":""85814 Eric Estate Suite 724""},""consent_marketing"":{""BOOL"":true},""address_line_2"":{""NULL"":true},""next_meeting"":{""S"":""2026-01-23T15:30:00Z""},""first_name"":{""S"":""Hannah""},""kyc_status"":{""S"":""Completed""},""address_type"":{""S"":""Mailing""},""is_primary_address"":{""BOOL"":false},""last_name"":{""S"":""Franco""},""state_province"":{""S"":""British Columbia""},""middle_name"":{""S"":""Autumn""},""language_preference"":{""S"":""English""},""marital_status"":{""NULL"":true},""client_status"":{""S"":""Active""},""portfolio_value"":{""N"":""780000""},""sin_last4"":{""S"":""9621""},""preferred_contact_method"":{""S"":""Phone""},""primary_email"":{""S"":""gregory20@yahoo.com""},""postal_code"":{""S"":""V6B 2W2""},""account_manager_id"":{""S"":""AM001""},""onboarding_date"":{""S"":""2024-03-04""}}","CLIENT","TYPE#CLIENT","STATUS#Active#C000016"
"POLICY#POL000005","DETAIL","{""correspondences"":{""L"":[]},""policy_id"":{""S"":""POL000005""},""coverage_description"":{""S"":""RRSP - Aggressive Growth Portfolio""},""open_claims_count"":{""N"":""0""},""premium_amount"":{""N"":""1500""},""policy_status"":{""S"":""Active""},""created_at"":{""S"":""2024-03-25T09:30:00Z""},""exclusions"":{""L"":[]},""client_id"":{""S"":""C000016""},""coverage_limits"":{""M"":{""annual_contribution_limit"":{""N"":""31560""}}},""total_claims_amount"":{""N"":""0""},""policy_version"":{""N"":""1""},""reinstatement_date"":{""NULL"":true},""policy_number"":{""S"":""RET-2024-00078""},""issue_date"":{""S"":""2024-03-25""},""renewal_date"":{""NULL"":true},""internal_notes"":{""S"":""High Net Worth - maximizing RRSP contributions""},""updated_at"":{""S"":""2025-12-31T00:00:00Z""},""effective_date"":{""S"":""2024-04-01""},""last_claim_date"":{""NULL"":true},""billing_cycle"":{""S"":""End of month""},""premium_frequency"":{""S"":""Monthly""},""lapse_date"":{""NULL"":true},""beneficiaries"":{""L"":[{""M"":{""name"":{""S"":""Marcus Franco""},""contingent"":{""BOOL"":false},""relationship"":{""S"":""Spouse""},""percentage"":{""N"":""100""}}}]},""parent_policy_id"":{""NULL"":true},""payment_method"":{""S"":""Bank Transfer""},""next_payment_due_date"":{""S"":""2026-01-31""},""agent_notes"":{""S"":""Client has aggressive risk tolerance. Review quarterly.""},""claims_count"":{""N"":""0""},""payment_status"":{""S"":""Current""},""policy_documents"":{""L"":[{""M"":{""document_id"":{""S"":""DOC005""},""file_name"":{""S"":""RET-2024-00078-statement.pdf""},""document_type"":{""S"":""Account Statement""},""upload_date"":{""S"":""2025-12-31""}}}]},""last_payment_date"":{""S"":""2025-12-31""},""cancellation_reason"":{""NULL"":true},""record_version"":{""N"":""6""},""created_by"":{""S"":""Agent_Brown""},""deleted_at"":{""NULL"":true},""cancellation_date"":{""NULL"":true},""tags"":{""L"":[{""S"":""retirement""},{""S"":""rrsp""},{""S"":""aggressive""}]},""policy_type"":{""S"":""Retirement""},""endorsements"":{""L"":[]},""policy_category"":{""S"":""Individual""},""claims_history"":{""L"":[]},""coverage_end_date"":{""NULL"":true},""updated_by"":{""S"":""System""},""coverage_amount"":{""N"":""350000""},""auto_pay_enabled"":{""BOOL"":true},""customer_visible_notes"":{""NULL"":true},""coverage_start_date"":{""S"":""2024-04-01""}}","POLICY","CLIENT#C000016","POLICY#POL000005"
"TASK#T000011","DETAIL","{""policy_id"":{""S"":""POL000003""},""due_date"":{""S"":""2026-01-19T10:00:00Z""},""description"":{""S"":""Process monthly $2,000 contribution to Carol Ramirez's segregated fund.""},""created_at"":{""S"":""2026-01-15T08:00:00Z""},""ai_completion_data"":{""NULL"":true},""task_id"":{""S"":""T000011""},""ai_completed"":{""BOOL"":false},""title"":{""S"":""Process January investment contribution - Carol Ramirez""},""priority"":{""S"":""medium""},""created_by"":{""S"":""System""},""client_id"":{""S"":""C000005""},""tags"":{""L"":[{""S"":""contribution""},{""S"":""investment""},{""S"":""monthly""}]},""completed_at"":{""S"":""2026-01-19T09:45:00Z""},""updated_at"":{""S"":""2026-01-19T09:45:00Z""},""ai_action_type"":{""NULL"":true},""updated_by"":{""S"":""advisor""},""task_type"":{""S"":""transaction""},""client_name"":{""S"":""Carol Ramirez""},""status"":{""S"":""completed""},""assigned_to"":{""S"":""advisor""}}","TASK","STATUS#completed","DUE#2026-01-19T10:00:00Z#T000011"
"TASK#T000004","DETAIL","{""policy_id"":{""NULL"":true},""due_date"":{""S"":""2026-01-21T15:00:00Z""},""description"":{""S"":""Call Hannah Franco to confirm tomorrow's meeting and review any last-minute agenda items.""},""created_at"":{""S"":""2026-01-19T09:00:00Z""},""ai_completion_data"":{""NULL"":true},""task_id"":{""S"":""T000004""},""ai_completed"":{""BOOL"":false},""title"":{""S"":""Call Hannah Franco - Meeting Reminder""},""priority"":{""S"":""medium""},""created_by"":{""S"":""advisor""},""client_id"":{""S"":""C000016""},""tags"":{""L"":[{""S"":""call""},{""S"":""meeting-prep""},{""S"":""reminder""}]},""completed_at"":{""NULL"":true},""updated_at"":{""S"":""2026-01-19T09:00:00Z""},""ai_action_type"":{""NULL"":true},""updated_by"":{""S"":""advisor""},""task_type"":{""S"":""call""},""client_name"":{""S"":""Hannah Franco""},""status"":{""S"":""pending""},""assigned_to"":{""S"":""advisor""}}","TASK","STATUS#pending","DUE#2026-01-21T15:00:00Z#T000004"
"TASK#T000007","DETAIL","{""policy_id"":{""NULL"":true},""due_date"":{""S"":""2026-01-23T11:00:00Z""},""description"":{""S"":""Complete and submit Know Your Client update forms for Rebecca Choi. Previous KYC failed - need to collect updated documentation.""},""created_at"":{""S"":""2026-01-15T10:00:00Z""},""ai_completion_data"":{""NULL"":true},""task_id"":{""S"":""T000007""},""ai_completed"":{""BOOL"":false},""title"":{""S"":""Submit KYC update for Rebecca Choi""},""priority"":{""S"":""high""},""created_by"":{""S"":""Compliance""},""client_id"":{""S"":""C000025""},""tags"":{""L"":[{""S"":""kyc""},{""S"":""compliance""},{""S"":""documentation""}]},""completed_at"":{""NULL"":true},""updated_at"":{""S"":""2026-01-15T10:00:00Z""},""ai_action_type"":{""NULL"":true},""updated_by"":{""S"":""Compliance""},""task_type"":{""S"":""compliance""},""client_name"":{""S"":""Rebecca Choi""},""status"":{""S"":""pending""},""assigned_to"":{""S"":""advisor""}}","TASK","STATUS#pending","DUE#2026-01-23T11:00:00Z#T000007"
"CLIENT#C000026","PROFILE","{""country"":{""S"":""Canada""},""occupation"":{""S"":""Engineer, water""},""offboarding_date"":{""NULL"":true},""referral_source"":{""NULL"":true},""client_type"":{""NULL"":true},""preferred_contact_time"":{""S"":""Evening""},""secondary_email"":{""S"":""todd22@yahoo.com""},""client_id"":{""S"":""C000026""},""primary_phone"":{""S"":""490.205.2241x686""},""relationship_start_date"":{""S"":""2022-01-12""},""last_interaction_summary"":{""S"":""History for team score entire go appear who.""},""privacy_policy_version_accepted"":{""S"":""v3.0""},""last_contact"":{""S"":""2025-02-03T01:23:35.732541Z""},""risk_profile"":{""S"":""moderate""},""client_tags"":{""L"":[{""S"":""cultural""},{""S"":""clearly""},{""S"":""investment""},{""S"":""charge""},{""S"":""form""}]},""kyc_completed_date"":{""S"":""2022-02-21""},""record_version"":{""N"":""3""},""consent_data_processing"":{""BOOL"":false},""created_by"":{""S"":""User9""},""deleted_at"":{""NULL"":true},""relationship_end_date"":{""NULL"":true},""updated_by"":{""S"":""User4""},""consent_timestamp"":{""S"":""2022-01-14""},""preferred_name"":{""S"":""Dylan""},""gender"":{""S"":""Male""},""city"":{""S"":""Winnipeg""},""date_of_birth"":{""S"":""1993-07-08""},""created_at"":{""S"":""2021-02-05T01:23:35.732535Z""},""employer_name"":{""NULL"":true},""external_client_reference"":{""S"":""EXT-5861""},""internal_notes"":{""S"":""Oil line property share. Method along improve fly popular small.""},""updated_at"":{""S"":""2025-02-03T01:23:35.732541Z""},""secondary_phone"":{""S"":""001-461-283-9342x59822""},""client_segment"":{""S"":""High Net Worth""},""address_line_1"":{""S"":""256 Faulkner Meadows""},""consent_marketing"":{""NULL"":true},""address_line_2"":{""NULL"":true},""next_meeting"":{""S"":""2026-01-24T14:00:00Z""},""first_name"":{""S"":""Dylan""},""kyc_status"":{""S"":""Pending""},""address_type"":{""S"":""Work""},""is_primary_address"":{""BOOL"":false},""last_name"":{""S"":""Jackson""},""state_province"":{""S"":""Manitoba""},""middle_name"":{""S"":""Holly""},""language_preference"":{""S"":""English""},""marital_status"":{""S"":""Divorced""},""client_status"":{""S"":""Active""},""portfolio_value"":{""N"":""2100000""},""sin_last4"":{""S"":""6463""},""preferred_contact_method"":{""NULL"":true},""primary_email"":{""S"":""meyerscharles@bell-michael.com""},""postal_code"":{""S"":""R3C 0V8""},""account_manager_id"":{""S"":""AM008""},""onboarding_date"":{""S"":""2022-01-12""}}","CLIENT","TYPE#CLIENT","STATUS#Active#C000026"
"POLICY#POL000008","DETAIL","{""correspondences"":{""L"":[]},""policy_id"":{""S"":""POL000008""},""coverage_description"":{""S"":""Segregated Fund - Conservative Income Portfolio""},""open_claims_count"":{""N"":""0""},""premium_amount"":{""N"":""5000""},""policy_status"":{""S"":""Active""},""created_at"":{""S"":""2022-01-20T09:00:00Z""},""exclusions"":{""L"":[]},""client_id"":{""S"":""C000026""},""coverage_limits"":{""M"":{""maturity_guarantee"":{""N"":""75""},""death_benefit_guarantee"":{""N"":""100""}}},""total_claims_amount"":{""N"":""0""},""policy_version"":{""N"":""5""},""reinstatement_date"":{""NULL"":true},""policy_number"":{""S"":""INV-2022-00089""},""issue_date"":{""S"":""2022-01-20""},""renewal_date"":{""NULL"":true},""internal_notes"":{""S"":""100% death benefit guarantee - premium option""},""updated_at"":{""S"":""2026-01-15T00:00:00Z""},""effective_date"":{""S"":""2022-02-01""},""last_claim_date"":{""NULL"":true},""billing_cycle"":{""S"":""15th of month""},""premium_frequency"":{""S"":""Monthly""},""lapse_date"":{""NULL"":true},""beneficiaries"":{""L"":[{""M"":{""name"":{""S"":""Holly Jackson""},""contingent"":{""BOOL"":false},""relationship"":{""S"":""Child""},""percentage"":{""N"":""100""}}}]},""parent_policy_id"":{""NULL"":true},""payment_method"":{""S"":""Bank Transfer""},""next_payment_due_date"":{""S"":""2026-02-15""},""agent_notes"":{""S"":""High Net Worth client. Schedule quarterly reviews.""},""claims_count"":{""N"":""0""},""payment_status"":{""S"":""Current""},""policy_documents"":{""L"":[{""M"":{""document_id"":{""S"":""DOC008""},""file_name"":{""S"":""INV-2022-00089-Q4-2025.pdf""},""document_type"":{""S"":""Quarterly Statement""},""upload_date"":{""S"":""2025-12-31""}}}]},""last_payment_date"":{""S"":""2026-01-15""},""cancellation_reason"":{""NULL"":true},""record_version"":{""N"":""18""},""created_by"":{""S"":""Agent_Smith""},""deleted_at"":{""NULL"":true},""cancellation_date"":{""NULL"":true},""tags"":{""L"":[{""S"":""investment""},{""S"":""segregated-fund""},{""S"":""high-net-worth""}]},""policy_type"":{""S"":""Investment""},""endorsements"":{""L"":[]},""policy_category"":{""S"":""Individual""},""claims_history"":{""L"":[]},""coverage_end_date"":{""NULL"":true},""updated_by"":{""S"":""System""},""coverage_amount"":{""N"":""1200000""},""auto_pay_enabled"":{""BOOL"":true},""customer_visible_notes"":{""S"":""Quarterly review scheduled for January 24th.""},""coverage_start_date"":{""S"":""2022-02-01""}}","POLICY","CLIENT#C000026","POLICY#POL000008"
"TASK#T000009","DETAIL","{""policy_id"":{""S"":""POL000010""},""due_date"":{""S"":""2026-01-20T12:00:00Z""},""description"":{""S"":""Review and confirm auto insurance renewal terms for David Holland before February 1st deadline.""},""created_at"":{""S"":""2026-01-13T11:00:00Z""},""ai_completion_data"":{""NULL"":true},""task_id"":{""S"":""T000009""},""ai_completed"":{""BOOL"":false},""title"":{""S"":""Review auto insurance renewal for David Holland""},""priority"":{""S"":""medium""},""created_by"":{""S"":""System""},""client_id"":{""S"":""C000017""},""tags"":{""L"":[{""S"":""insurance""},{""S"":""renewal""},{""S"":""auto""}]},""completed_at"":{""S"":""2026-01-20T11:30:00Z""},""updated_at"":{""S"":""2026-01-20T11:30:00Z""},""ai_action_type"":{""NULL"":true},""updated_by"":{""S"":""advisor""},""task_type"":{""S"":""review""},""client_name"":{""S"":""David Holland""},""status"":{""S"":""completed""},""assigned_to"":{""S"":""advisor""}}","TASK","STATUS#completed","DUE#2026-01-20T12:00:00Z#T000009"
"POLICY#POL000003","DETAIL","{""correspondences"":{""L"":[]},""policy_id"":{""S"":""POL000003""},""coverage_description"":{""S"":""Segregated Fund - Balanced Growth Portfolio""},""open_claims_count"":{""N"":""0""},""premium_amount"":{""N"":""2000""},""policy_status"":{""S"":""Active""},""created_at"":{""S"":""2022-02-20T14:00:00Z""},""exclusions"":{""L"":[]},""client_id"":{""S"":""C000005""},""coverage_limits"":{""M"":{""maturity_guarantee"":{""N"":""75""},""death_benefit_guarantee"":{""N"":""75""}}},""total_claims_amount"":{""N"":""0""},""policy_version"":{""N"":""3""},""reinstatement_date"":{""NULL"":true},""policy_number"":{""S"":""INV-2022-00231""},""issue_date"":{""S"":""2022-02-20""},""renewal_date"":{""NULL"":true},""internal_notes"":{""S"":""High Net Worth - moderate risk tolerance""},""updated_at"":{""S"":""2026-01-15T00:00:00Z""},""effective_date"":{""S"":""2022-03-01""},""last_claim_date"":{""NULL"":true},""billing_cycle"":{""S"":""15th of month""},""premium_frequency"":{""S"":""Monthly""},""lapse_date"":{""NULL"":true},""beneficiaries"":{""L"":[{""M"":{""name"":{""S"":""John Ramirez Jr.""},""contingent"":{""BOOL"":false},""relationship"":{""S"":""Child""},""percentage"":{""N"":""50""}}},{""M"":{""name"":{""S"":""Maria Ramirez""},""contingent"":{""BOOL"":false},""relationship"":{""S"":""Child""},""percentage"":{""N"":""50""}}}]},""parent_policy_id"":{""NULL"":true},""payment_method"":{""S"":""Bank Transfer""},""next_payment_due_date"":{""S"":""2026-02-15""},""agent_notes"":{""S"":""Client interested in retirement planning. Review annually.""},""claims_count"":{""N"":""0""},""payment_status"":{""S"":""Current""},""policy_documents"":{""L"":[{""M"":{""document_id"":{""S"":""DOC003""},""file_name"":{""S"":""INV-2022-00231-prospectus.pdf""},""document_type"":{""S"":""Fund Prospectus""},""upload_date"":{""S"":""2022-02-20""}}}]},""last_payment_date"":{""S"":""2026-01-15""},""cancellation_reason"":{""NULL"":true},""record_version"":{""N"":""12""},""created_by"":{""S"":""Agent_Smith""},""deleted_at"":{""NULL"":true},""cancellation_date"":{""NULL"":true},""tags"":{""L"":[{""S"":""investment""},{""S"":""segregated-fund""},{""S"":""retirement""}]},""policy_type"":{""S"":""Investment""},""endorsements"":{""L"":[]},""policy_category"":{""S"":""Individual""},""claims_history"":{""L"":[]},""coverage_end_date"":{""NULL"":true},""updated_by"":{""S"":""System""},""coverage_amount"":{""N"":""500000""},""auto_pay_enabled"":{""BOOL"":true},""customer_visible_notes"":{""S"":""Your investment is growing well!""},""coverage_start_date"":{""S"":""2022-03-01""}}","POLICY","CLIENT#C000005","POLICY#POL000003"
"POLICY#POL000006","DETAIL","{""correspondences"":{""L"":[]},""policy_id"":{""S"":""POL000006""},""coverage_description"":{""S"":""Long-term Disability Insurance - Own Occupation""},""open_claims_count"":{""N"":""0""},""premium_amount"":{""N"":""175""},""policy_status"":{""S"":""Active""},""created_at"":{""S"":""2024-04-20T14:30:00Z""},""exclusions"":{""L"":[{""S"":""Pre-existing conditions for first year""},{""S"":""Self-inflicted injuries""}]},""client_id"":{""S"":""C000016""},""coverage_limits"":{""M"":{""monthly_benefit"":{""N"":""5000""},""benefit_period"":{""S"":""To age 65""},""elimination_period"":{""S"":""90 days""}}},""total_claims_amount"":{""N"":""0""},""policy_version"":{""N"":""1""},""reinstatement_date"":{""NULL"":true},""policy_number"":{""S"":""DI-2024-00034""},""issue_date"":{""S"":""2024-04-20""},""renewal_date"":{""NULL"":true},""internal_notes"":{""NULL"":true},""updated_at"":{""S"":""2026-01-01T00:00:00Z""},""effective_date"":{""S"":""2024-05-01""},""last_claim_date"":{""NULL"":true},""billing_cycle"":{""S"":""1st of month""},""premium_frequency"":{""S"":""Monthly""},""lapse_date"":{""NULL"":true},""beneficiaries"":{""L"":[]},""parent_policy_id"":{""NULL"":true},""payment_method"":{""S"":""PAD""},""next_payment_due_date"":{""S"":""2026-02-01""},""agent_notes"":{""S"":""Important protection for high-income client.""},""claims_count"":{""N"":""0""},""payment_status"":{""S"":""Current""},""policy_documents"":{""L"":[{""M"":{""document_id"":{""S"":""DOC006""},""file_name"":{""S"":""DI-2024-00034-contract.pdf""},""document_type"":{""S"":""Policy Contract""},""upload_date"":{""S"":""2024-04-20""}}}]},""last_payment_date"":{""S"":""2026-01-01""},""cancellation_reason"":{""NULL"":true},""record_version"":{""N"":""2""},""created_by"":{""S"":""Agent_Brown""},""deleted_at"":{""NULL"":true},""cancellation_date"":{""NULL"":true},""tags"":{""L"":[{""S"":""disability""},{""S"":""income-protection""}]},""policy_type"":{""S"":""Disability""},""endorsements"":{""L"":[{""S"":""Cost of living adjustment rider""}]},""policy_category"":{""S"":""Individual""},""claims_history"":{""L"":[]},""coverage_end_date"":{""S"":""2040-08-23""},""updated_by"":{""S"":""System""},""coverage_amount"":{""N"":""5000""},""auto_pay_enabled"":{""BOOL"":true},""customer_visible_notes"":{""NULL"":true},""coverage_start_date"":{""S"":""2024-05-01""}}","POLICY","CLIENT#C000016","POLICY#POL000006"
"TASK#T000002","DETAIL","{""policy_id"":{""NULL"":true},""due_date"":{""S"":""2026-01-21T11:00:00Z""},""description"":{""S"":""Send a follow-up email after the annual review meeting. Include summary of discussed topics and next steps.""},""created_at"":{""S"":""2026-01-20T14:00:00Z""},""ai_completion_data"":{""M"":{""summary"":{""S"":""Follow-up email drafted summarizing annual review discussion and next steps.""},""completed_at"":{""S"":""2026-01-20T15:00:00Z""},""metadata"":{""M"":{""email_type"":{""S"":""follow_up""},""meeting_date"":{""S"":""2026-01-20""}}},""action_type"":{""S"":""email_draft""},""confidence"":{""N"":""88""},""details"":{""S"":""Email covers:\n- Thank you for meeting\n- Summary of portfolio performance\n- Beneficiary update confirmation\n- Next meeting scheduling""},""generated_content"":{""S"":""Subject: Great Meeting Today - Annual Review Summary\n\nDear Carol,\n\nThank you for taking the time to meet with me today for your annual review. It was wonderful to catch up and discuss your financial goals for 2026.\n\nHere's a quick summary of what we covered:\n\n**Portfolio Performance**\n- Your investment portfolio grew 12.4% in 2025, exceeding our target of 10%\n- Your segregated fund continues to perform well with strong downside protection\n- Critical illness coverage remains adequate for your needs\n\n**Action Items**\n1. âœ… Beneficiary update - I've submitted the paperwork to update John Jr. and Maria as equal beneficiaries\n2. ðŸ“‹ TFSA contribution - I'll process your $7,000 contribution once funds are received\n3. ðŸ“… Next review - Let's connect again in July for a mid-year check-in\n\n**Next Steps**\nI'll send over the beneficiary change confirmation once processed (typically 5-7 business days).\n\nPlease don't hesitate to reach out if you have any questions or if anything changes with your situation.\n\nWarm regards,\n\n[Your Name]\nFinancial Advisor""}}},""task_id"":{""S"":""T000002""},""ai_completed"":{""BOOL"":true},""title"":{""S"":""Draft follow-up email for Carol Ramirez""},""priority"":{""S"":""medium""},""created_by"":{""S"":""System""},""client_id"":{""S"":""C000005""},""tags"":{""L"":[{""S"":""email""},{""S"":""follow-up""},{""S"":""client-communication""}]},""completed_at"":{""NULL"":true},""updated_at"":{""S"":""2026-01-20T15:00:00Z""},""ai_action_type"":{""S"":""email_draft""},""updated_by"":{""S"":""AI""},""task_type"":{""S"":""communication""},""client_name"":{""S"":""Carol Ramirez""},""status"":{""S"":""needs-review""},""assigned_to"":{""S"":""advisor""}}","TASK","STATUS#needs-review","DUE#2026-01-21T11:00:00Z#T000002"
"POLICY#POL000007","DETAIL","{""correspondences"":{""L"":[]},""policy_id"":{""S"":""POL000007""},""coverage_description"":{""S"":""Whole Life Insurance - Participating""},""open_claims_count"":{""N"":""0""},""premium_amount"":{""N"":""350""},""policy_status"":{""S"":""Active""},""created_at"":{""S"":""2023-07-20T10:00:00Z""},""exclusions"":{""L"":[{""S"":""Suicide within first 2 years""}]},""client_id"":{""S"":""C000018""},""coverage_limits"":{""M"":{""cash_value_estimate"":{""N"":""45000""},""death_benefit"":{""N"":""250000""}}},""total_claims_amount"":{""N"":""0""},""policy_version"":{""N"":""1""},""reinstatement_date"":{""NULL"":true},""policy_number"":{""S"":""LI-2023-00198""},""issue_date"":{""S"":""2023-07-20""},""renewal_date"":{""NULL"":true},""internal_notes"":{""S"":""Building cash value for retirement supplement""},""updated_at"":{""S"":""2026-01-01T00:00:00Z""},""effective_date"":{""S"":""2023-08-01""},""last_claim_date"":{""NULL"":true},""billing_cycle"":{""S"":""1st of month""},""premium_frequency"":{""S"":""Monthly""},""lapse_date"":{""NULL"":true},""beneficiaries"":{""L"":[{""M"":{""name"":{""S"":""Estate of Samuel Nash""},""contingent"":{""BOOL"":false},""relationship"":{""S"":""Estate""},""percentage"":{""N"":""100""}}}]},""parent_policy_id"":{""NULL"":true},""payment_method"":{""S"":""Bank Transfer""},""next_payment_due_date"":{""S"":""2026-02-01""},""agent_notes"":{""S"":""Client prefers bank transfer, remind for payments.""},""claims_count"":{""N"":""0""},""payment_status"":{""S"":""Current""},""policy_documents"":{""L"":[{""M"":{""document_id"":{""S"":""DOC007""},""file_name"":{""S"":""LI-2023-00198-contract.pdf""},""document_type"":{""S"":""Policy Contract""},""upload_date"":{""S"":""2023-07-20""}}}]},""last_payment_date"":{""S"":""2026-01-01""},""cancellation_reason"":{""NULL"":true},""record_version"":{""N"":""4""},""created_by"":{""S"":""Agent_Wilson""},""deleted_at"":{""NULL"":true},""cancellation_date"":{""NULL"":true},""tags"":{""L"":[{""S"":""whole-life""},{""S"":""participating""}]},""policy_type"":{""S"":""Life Insurance""},""endorsements"":{""L"":[]},""policy_category"":{""S"":""Individual""},""claims_history"":{""L"":[]},""coverage_end_date"":{""NULL"":true},""updated_by"":{""S"":""System""},""coverage_amount"":{""N"":""250000""},""auto_pay_enabled"":{""BOOL"":false},""customer_visible_notes"":{""NULL"":true},""coverage_start_date"":{""S"":""2023-08-01""}}","POLICY","CLIENT#C000018","POLICY#POL000007"
"TASK#T000005","DETAIL","{""policy_id"":{""S"":""POL000005""},""due_date"":{""S"":""2026-01-21T16:30:00Z""},""description"":{""S"":""Process the monthly RRSP contribution of $1,500 for Hannah Franco's retirement account.""},""created_at"":{""S"":""2026-01-20T08:00:00Z""},""ai_completion_data"":{""NULL"":true},""task_id"":{""S"":""T000005""},""ai_completed"":{""BOOL"":false},""title"":{""S"":""Process RRSP contribution for Hannah Franco""},""priority"":{""S"":""high""},""created_by"":{""S"":""System""},""client_id"":{""S"":""C000016""},""tags"":{""L"":[{""S"":""rrsp""},{""S"":""contribution""},{""S"":""monthly""}]},""completed_at"":{""NULL"":true},""updated_at"":{""S"":""2026-01-20T08:00:00Z""},""ai_action_type"":{""NULL"":true},""updated_by"":{""S"":""System""},""task_type"":{""S"":""transaction""},""client_name"":{""S"":""Hannah Franco""},""status"":{""S"":""pending""},""assigned_to"":{""S"":""advisor""}}","TASK","STATUS#pending","DUE#2026-01-21T16:30:00Z#T000005"
"TASK#T000003","DETAIL","{""policy_id"":{""S"":""POL000001""},""due_date"":{""S"":""2026-01-21T14:00:00Z""},""description"":{""S"":""Summarize key points from phone call with Douglas Mooney regarding his trust structure and beneficiary updates.""},""created_at"":{""S"":""2026-01-20T10:00:00Z""},""ai_completion_data"":{""M"":{""summary"":{""S"":""Phone call notes captured regarding trust structure review and potential beneficiary changes.""},""completed_at"":{""S"":""2026-01-20T10:45:00Z""},""metadata"":{""M"":{""call_type"":{""S"":""phone""},""call_duration"":{""N"":""30""}}},""action_type"":{""S"":""meeting_notes""},""confidence"":{""N"":""85""},""details"":{""S"":""30-minute call covering trust documentation, life insurance beneficiaries, and upcoming in-person meeting scheduling.""},""generated_content"":{""S"":""## Meeting Notes - Douglas Mooney\n**Date:** January 20, 2026\n**Type:** Phone Call (30 minutes)\n**Attendees:** Douglas Mooney, [Advisor Name]\n\n### Discussion Topics\n\n**1. Trust Structure Review**\n- Douglas inquired about the current status of his family trust\n- Confirmed trust holds life insurance policy LI-2024-00142\n- Discussed potential changes to trustee arrangements\n\n**2. Beneficiary Updates**\n- Current: Sarah Mooney (70%), James Mooney (30%)\n- Considering: Adding grandchild as contingent beneficiary\n- Action: Send beneficiary change forms for review\n\n**3. Life Insurance Coverage**\n- Current coverage: $500,000 term life\n- Douglas asked about conversion options to whole life\n- Action: Prepare comparison quote for whole life conversion\n\n**4. Home Insurance Renewal**\n- Policy HI-2023-00089 renewing in June 2026\n- Property value may have increased - discuss reappraisal\n- Previous claim (water damage) resolved satisfactorily\n\n### Action Items\n| Item | Owner | Due Date |\n|------|-------|----------|\n| Send beneficiary change forms | Advisor | Jan 22 |\n| Prepare whole life quote | Advisor | Jan 24 |\n| Schedule in-person meeting | Client | Jan 28 |\n\n### Next Meeting\nIn-person meeting scheduled for January 28, 2026 at 2:00 PM to review documents and sign paperwork.""}}},""task_id"":{""S"":""T000003""},""ai_completed"":{""BOOL"":true},""title"":{""S"":""Meeting notes from Douglas Mooney call""},""priority"":{""S"":""high""},""created_by"":{""S"":""System""},""client_id"":{""S"":""C000004""},""tags"":{""L"":[{""S"":""meeting-notes""},{""S"":""trust""},{""S"":""beneficiary""}]},""completed_at"":{""NULL"":true},""updated_at"":{""S"":""2026-01-20T10:45:00Z""},""ai_action_type"":{""S"":""meeting_notes""},""updated_by"":{""S"":""AI""},""task_type"":{""S"":""documentation""},""client_name"":{""S"":""Douglas Mooney""},""status"":{""S"":""needs-review""},""assigned_to"":{""S"":""advisor""}}","TASK","STATUS#needs-review","DUE#2026-01-21T14:00:00Z#T000003"
"TASK#T000010","DETAIL","{""policy_id"":{""S"":""POL000007""},""due_date"":{""S"":""2026-01-25T11:00:00Z""},""description"":{""S"":""Review whole life insurance policy performance and cash value accumulation with Samuel Nash.""},""created_at"":{""S"":""2026-01-18T15:00:00Z""},""ai_completion_data"":{""NULL"":true},""task_id"":{""S"":""T000010""},""ai_completed"":{""BOOL"":false},""title"":{""S"":""Meeting with Samuel Nash - Life insurance review""},""priority"":{""S"":""medium""},""created_by"":{""S"":""advisor""},""client_id"":{""S"":""C000018""},""tags"":{""L"":[{""S"":""meeting""},{""S"":""life-insurance""},{""S"":""whole-life""}]},""completed_at"":{""NULL"":true},""updated_at"":{""S"":""2026-01-18T15:00:00Z""},""ai_action_type"":{""NULL"":true},""updated_by"":{""S"":""advisor""},""task_type"":{""S"":""meeting""},""client_name"":{""S"":""Samuel Nash""},""status"":{""S"":""pending""},""assigned_to"":{""S"":""advisor""}}","TASK","STATUS#pending","DUE#2026-01-25T09:00:00Z#T000010"
"TASK#T000006","DETAIL","{""policy_id"":{""NULL"":true},""due_date"":{""S"":""2026-01-22T10:00:00Z""},""description"":{""S"":""Create presentation slides for upcoming annual review meeting with Carol Ramirez.""},""created_at"":{""S"":""2026-01-17T14:00:00Z""},""ai_completion_data"":{""NULL"":true},""task_id"":{""S"":""T000006""},""ai_completed"":{""BOOL"":false},""title"":{""S"":""Prepare annual review presentation for Carol Ramirez""},""priority"":{""S"":""high""},""created_by"":{""S"":""advisor""},""client_id"":{""S"":""C000005""},""tags"":{""L"":[{""S"":""presentation""},{""S"":""annual-review""},{""S"":""meeting-prep""}]},""completed_at"":{""NULL"":true},""updated_at"":{""S"":""2026-01-21T08:00:00Z""},""ai_action_type"":{""NULL"":true},""updated_by"":{""S"":""advisor""},""task_type"":{""S"":""preparation""},""client_name"":{""S"":""Carol Ramirez""},""status"":{""S"":""in-progress""},""assigned_to"":{""S"":""advisor""}}","TASK","STATUS#in-progress","DUE#2026-01-22T10:00:00Z#T000006"
"CLIENT#C000017","PROFILE","{""country"":{""S"":""Canada""},""occupation"":{""S"":""Conservation officer, nature""},""offboarding_date"":{""NULL"":true},""referral_source"":{""S"":""Other""},""client_type"":{""S"":""Other""},""preferred_contact_time"":{""S"":""Evening""},""secondary_email"":{""NULL"":true},""client_id"":{""S"":""C000017""},""primary_phone"":{""S"":""260-547-1377x31073""},""relationship_start_date"":{""S"":""2025-01-27""},""last_interaction_summary"":{""S"":""Foreign different question book new current.""},""privacy_policy_version_accepted"":{""S"":""v3.8""},""last_contact"":{""S"":""2025-07-01T01:23:35.722440Z""},""risk_profile"":{""S"":""aggressive""},""client_tags"":{""L"":[{""S"":""individual""},{""S"":""order""}]},""kyc_completed_date"":{""S"":""2025-02-23""},""record_version"":{""N"":""3""},""consent_data_processing"":{""NULL"":true},""created_by"":{""S"":""User5""},""deleted_at"":{""NULL"":true},""relationship_end_date"":{""NULL"":true},""updated_by"":{""S"":""User4""},""consent_timestamp"":{""S"":""2025-01-28""},""preferred_name"":{""S"":""David""},""gender"":{""S"":""Male""},""city"":{""S"":""Calgary""},""date_of_birth"":{""S"":""1994-12-24""},""created_at"":{""S"":""2017-01-22T01:23:35.722432Z""},""employer_name"":{""S"":""Cline LLC""},""external_client_reference"":{""S"":""EXT-8227""},""internal_notes"":{""S"":""Theory form son real record happy production. Billion safe onto argue serve mission.""},""updated_at"":{""S"":""2025-07-01T01:23:35.722440Z""},""secondary_phone"":{""S"":""187.948.6934""},""client_segment"":{""S"":""Retail""},""address_line_1"":{""S"":""0601 Dudley Isle""},""consent_marketing"":{""NULL"":true},""address_line_2"":{""NULL"":true},""next_meeting"":{""NULL"":true},""first_name"":{""S"":""David""},""kyc_status"":{""S"":""Failed""},""address_type"":{""NULL"":true},""is_primary_address"":{""BOOL"":true},""last_name"":{""S"":""Holland""},""state_province"":{""S"":""Alberta""},""middle_name"":{""S"":""Peggy""},""language_preference"":{""NULL"":true},""marital_status"":{""S"":""Married""},""client_status"":{""S"":""Active""},""portfolio_value"":{""N"":""450000""},""sin_last4"":{""S"":""5246""},""preferred_contact_method"":{""NULL"":true},""primary_email"":{""S"":""dprice@day-austin.biz""},""postal_code"":{""S"":""T2P 1J9""},""account_manager_id"":{""S"":""AM011""},""onboarding_date"":{""S"":""2025-01-27""}}","CLIENT","TYPE#CLIENT","STATUS#Active#C000017"
"POLICY#POL000002","DETAIL","{""correspondences"":{""L"":[]},""policy_id"":{""S"":""POL000002""},""coverage_description"":{""S"":""Comprehensive Home Insurance - Dwelling and Contents""},""open_claims_count"":{""N"":""0""},""premium_amount"":{""N"":""2400""},""policy_status"":{""S"":""Active""},""created_at"":{""S"":""2023-05-25T10:30:00Z""},""exclusions"":{""L"":[{""S"":""Flood damage""},{""S"":""Earthquake damage""},{""S"":""Normal wear and tear""}]},""client_id"":{""S"":""C000004""},""coverage_limits"":{""M"":{""dwelling"":{""N"":""600000""},""contents"":{""N"":""100000""},""liability"":{""N"":""50000""}}},""total_claims_amount"":{""N"":""5200""},""policy_version"":{""N"":""2""},""reinstatement_date"":{""NULL"":true},""policy_number"":{""S"":""HI-2023-00089""},""issue_date"":{""S"":""2023-05-25""},""renewal_date"":{""S"":""2026-06-01""},""internal_notes"":{""NULL"":true},""updated_at"":{""S"":""2025-06-01T00:00:00Z""},""effective_date"":{""S"":""2023-06-01""},""last_claim_date"":{""S"":""2024-08-15""},""billing_cycle"":{""S"":""Anniversary date""},""premium_frequency"":{""S"":""Annual""},""lapse_date"":{""NULL"":true},""beneficiaries"":{""L"":[]},""parent_policy_id"":{""NULL"":true},""payment_method"":{""S"":""Credit Card""},""next_payment_due_date"":{""S"":""2026-06-01""},""agent_notes"":{""S"":""Property recently appraised, coverage adequate.""},""claims_count"":{""N"":""1""},""payment_status"":{""S"":""Current""},""policy_documents"":{""L"":[{""M"":{""document_id"":{""S"":""DOC002""},""file_name"":{""S"":""HI-2023-00089-contract.pdf""},""document_type"":{""S"":""Policy Contract""},""upload_date"":{""S"":""2023-05-25""}}}]},""last_payment_date"":{""S"":""2025-06-01""},""cancellation_reason"":{""NULL"":true},""record_version"":{""N"":""4""},""created_by"":{""S"":""Agent_Jones""},""deleted_at"":{""NULL"":true},""cancellation_date"":{""NULL"":true},""tags"":{""L"":[{""S"":""home""},{""S"":""comprehensive""}]},""policy_type"":{""S"":""Home Insurance""},""endorsements"":{""L"":[{""S"":""Sewer backup coverage added""}]},""policy_category"":{""S"":""Individual""},""claims_history"":{""L"":[{""M"":{""claim_id"":{""S"":""CLM-2024-0052""},""description"":{""S"":""Water damage from burst pipe""},""claim_amount"":{""N"":""5200""},""claim_date"":{""S"":""2024-08-15""},""status"":{""S"":""Closed""}}}]},""coverage_end_date"":{""S"":""2026-06-01""},""updated_by"":{""S"":""System""},""coverage_amount"":{""N"":""750000""},""auto_pay_enabled"":{""BOOL"":true},""customer_visible_notes"":{""NULL"":true},""coverage_start_date"":{""S"":""2023-06-01""}}","POLICY","CLIENT#C000004","POLICY#POL000002"
"POLICY#POL000001","DETAIL","{""correspondences"":{""L"":[]},""policy_id"":{""S"":""POL000001""},""coverage_description"":{""S"":""Term Life Insurance - 10 Year Term""},""open_claims_count"":{""N"":""0""},""premium_amount"":{""N"":""125.5""},""policy_status"":{""S"":""Active""},""created_at"":{""S"":""2024-01-10T09:00:00Z""},""exclusions"":{""L"":[{""S"":""Pre-existing conditions for first 2 years""},{""S"":""Suicide within first 2 years""}]},""client_id"":{""S"":""C000004""},""coverage_limits"":{""M"":{""death_benefit"":{""N"":""500000""},""accidental_death"":{""N"":""1000000""}}},""total_claims_amount"":{""N"":""0""},""policy_version"":{""N"":""1""},""reinstatement_date"":{""NULL"":true},""policy_number"":{""S"":""LI-2024-00142""},""issue_date"":{""S"":""2024-01-10""},""renewal_date"":{""S"":""2034-01-15""},""internal_notes"":{""S"":""High Net Worth client, handle with priority.""},""updated_at"":{""S"":""2026-01-01T00:00:00Z""},""effective_date"":{""S"":""2024-01-15""},""last_claim_date"":{""NULL"":true},""billing_cycle"":{""S"":""1st of month""},""premium_frequency"":{""S"":""Monthly""},""lapse_date"":{""NULL"":true},""beneficiaries"":{""L"":[{""M"":{""name"":{""S"":""Sarah Mooney""},""contingent"":{""BOOL"":false},""relationship"":{""S"":""Spouse""},""percentage"":{""N"":""70""}}},{""M"":{""name"":{""S"":""James Mooney""},""contingent"":{""BOOL"":false},""relationship"":{""S"":""Child""},""percentage"":{""N"":""30""}}}]},""parent_policy_id"":{""NULL"":true},""payment_method"":{""S"":""PAD""},""next_payment_due_date"":{""S"":""2026-02-01""},""agent_notes"":{""S"":""Client requested higher coverage, may upgrade next year.""},""claims_count"":{""N"":""0""},""payment_status"":{""S"":""Current""},""policy_documents"":{""L"":[{""M"":{""document_id"":{""S"":""DOC001""},""file_name"":{""S"":""LI-2024-00142-contract.pdf""},""document_type"":{""S"":""Policy Contract""},""upload_date"":{""S"":""2024-01-10""}}}]},""last_payment_date"":{""S"":""2026-01-01""},""cancellation_reason"":{""NULL"":true},""record_version"":{""N"":""5""},""created_by"":{""S"":""Agent_Smith""},""deleted_at"":{""NULL"":true},""cancellation_date"":{""NULL"":true},""tags"":{""L"":[{""S"":""term-life""},{""S"":""high-priority""}]},""policy_type"":{""S"":""Life Insurance""},""endorsements"":{""L"":[]},""policy_category"":{""S"":""Individual""},""claims_history"":{""L"":[]},""coverage_end_date"":{""S"":""2034-01-15""},""updated_by"":{""S"":""System""},""coverage_amount"":{""N"":""500000""},""auto_pay_enabled"":{""BOOL"":true},""customer_visible_notes"":{""NULL"":true},""coverage_start_date"":{""S"":""2024-01-15""}}","POLICY","CLIENT#C000004","POLICY#POL000001"
"POLICY#POL000010","DETAIL","{""correspondences"":{""L"":[]},""policy_id"":{""S"":""POL000010""},""coverage_description"":{""S"":""Comprehensive Auto Insurance - Multi-Vehicle""},""open_claims_count"":{""N"":""0""},""premium_amount"":{""N"":""3600""},""policy_status"":{""S"":""Active""},""created_at"":{""S"":""2025-01-25T15:00:00Z""},""exclusions"":{""L"":[{""S"":""Racing""},{""S"":""Commercial use""}]},""client_id"":{""S"":""C000017""},""coverage_limits"":{""M"":{""collision"":{""N"":""50000""},""medical_payments"":{""N"":""25000""},""comprehensive"":{""N"":""50000""},""liability"":{""N"":""2000000""}}},""total_claims_amount"":{""N"":""0""},""policy_version"":{""N"":""1""},""reinstatement_date"":{""NULL"":true},""policy_number"":{""S"":""AUTO-2025-00012""},""issue_date"":{""S"":""2025-01-25""},""renewal_date"":{""S"":""2026-02-01""},""internal_notes"":{""NULL"":true},""updated_at"":{""S"":""2025-02-01T00:00:00Z""},""effective_date"":{""S"":""2025-02-01""},""last_claim_date"":{""NULL"":true},""billing_cycle"":{""S"":""Anniversary""},""premium_frequency"":{""S"":""Annual""},""lapse_date"":{""NULL"":true},""beneficiaries"":{""L"":[]},""parent_policy_id"":{""NULL"":true},""payment_method"":{""S"":""Credit Card""},""next_payment_due_date"":{""S"":""2026-02-01""},""agent_notes"":{""S"":""Covers 2 vehicles. Clean driving record discount applied.""},""claims_count"":{""N"":""0""},""payment_status"":{""S"":""Current""},""policy_documents"":{""L"":[{""M"":{""document_id"":{""S"":""DOC010""},""file_name"":{""S"":""AUTO-2025-00012-contract.pdf""},""document_type"":{""S"":""Policy Contract""},""upload_date"":{""S"":""2025-01-25""}}}]},""last_payment_date"":{""S"":""2025-02-01""},""cancellation_reason"":{""NULL"":true},""record_version"":{""N"":""1""},""created_by"":{""S"":""Agent_Brown""},""deleted_at"":{""NULL"":true},""cancellation_date"":{""NULL"":true},""tags"":{""L"":[{""S"":""auto""},{""S"":""multi-vehicle""}]},""policy_type"":{""S"":""Auto Insurance""},""endorsements"":{""L"":[{""S"":""Rental car coverage""},{""S"":""Roadside assistance""}]},""policy_category"":{""S"":""Individual""},""claims_history"":{""L"":[]},""coverage_end_date"":{""S"":""2026-02-01""},""updated_by"":{""S"":""System""},""coverage_amount"":{""N"":""2000000""},""auto_pay_enabled"":{""BOOL"":false},""customer_visible_notes"":{""NULL"":true},""coverage_start_date"":{""S"":""2025-02-01""}}","POLICY","CLIENT#C000017","POLICY#POL000010"
"CLIENT#C000018","PROFILE","{""country"":{""S"":""Canada""},""occupation"":{""S"":""Psychologist, prison and probation services""},""offboarding_date"":{""NULL"":true},""referral_source"":{""S"":""Friend""},""client_type"":{""S"":""Trust""},""preferred_contact_time"":{""S"":""Evening""},""secondary_email"":{""NULL"":true},""client_id"":{""S"":""C000018""},""primary_phone"":{""S"":""299.707.6188x49666""},""relationship_start_date"":{""S"":""2023-07-28""},""last_interaction_summary"":{""S"":""Bag easy scene partner democratic and.""},""privacy_policy_version_accepted"":{""S"":""v3.6""},""last_contact"":{""S"":""2024-11-14T01:23:35.723417Z""},""risk_profile"":{""S"":""moderate""},""client_tags"":{""L"":[{""S"":""general""},{""S"":""dinner""}]},""kyc_completed_date"":{""S"":""2023-10-13""},""record_version"":{""N"":""3""},""consent_data_processing"":{""NULL"":true},""created_by"":{""S"":""User2""},""deleted_at"":{""NULL"":true},""relationship_end_date"":{""NULL"":true},""updated_by"":{""S"":""User7""},""consent_timestamp"":{""S"":""2023-07-28""},""preferred_name"":{""S"":""Samuel""},""gender"":{""NULL"":true},""city"":{""S"":""Montreal""},""date_of_birth"":{""S"":""1980-08-28""},""created_at"":{""S"":""2022-05-17T01:23:35.723411Z""},""employer_name"":{""S"":""Mclean, Patterson and Maldonado""},""external_client_reference"":{""S"":""EXT-6855""},""internal_notes"":{""S"":""You about teacher generation course. Charge federal true life eight item teach.""},""updated_at"":{""S"":""2024-11-14T01:23:35.723417Z""},""secondary_phone"":{""NULL"":true},""client_segment"":{""S"":""Retail""},""address_line_1"":{""S"":""04858 George Hills Suite 324""},""consent_marketing"":{""BOOL"":false},""address_line_2"":{""NULL"":true},""next_meeting"":{""S"":""2026-01-25T11:00:00Z""},""first_name"":{""S"":""Samuel""},""kyc_status"":{""S"":""Pending""},""address_type"":{""S"":""Mailing""},""is_primary_address"":{""BOOL"":true},""last_name"":{""S"":""Nash""},""state_province"":{""S"":""Quebec""},""middle_name"":{""NULL"":true},""language_preference"":{""S"":""French""},""marital_status"":{""S"":""Widowed""},""client_status"":{""S"":""Active""},""portfolio_value"":{""N"":""320000""},""sin_last4"":{""S"":""6885""},""preferred_contact_method"":{""S"":""Text""},""primary_email"":{""S"":""johnhamilton@yahoo.com""},""postal_code"":{""S"":""H2Y 1C6""},""account_manager_id"":{""S"":""AM005""},""onboarding_date"":{""S"":""2023-07-28""}}","CLIENT","TYPE#CLIENT","STATUS#Active#C000018"
"TASK#T000001","DETAIL","{""policy_id"":{""S"":""POL000008""},""due_date"":{""S"":""2026-01-21T10:00:00Z""},""description"":{""S"":""Quarterly review of investment portfolio performance. Analyze returns, rebalancing needs, and provide recommendations for Q1 2026.""},""created_at"":{""S"":""2026-01-18T09:00:00Z""},""ai_completion_data"":{""M"":{""summary"":{""S"":""Q4 2025 portfolio review completed. Portfolio up 8.2% for the quarter, outperforming benchmark by 1.5%.""},""completed_at"":{""S"":""2026-01-20T16:30:00Z""},""metadata"":{""M"":{""portfolio_value"":{""N"":""1200000""},""risk_score"":{""N"":""45""},""benchmark"":{""S"":""60/40 Balanced Index""}}},""action_type"":{""S"":""portfolio_review""},""confidence"":{""N"":""92""},""details"":{""S"":""The Conservative Income Portfolio performed well in Q4 2025. Key highlights:\n\n- Total Return: 8.2% (vs 6.7% benchmark)\n- Fixed Income: 4.1% return\n- Equities: 12.3% return\n- Cash Position: 5% maintained for liquidity\n\nRecommendations:\n1. Maintain current allocation - well-suited to client's moderate risk profile\n2. Consider increasing dividend stocks allocation by 2% in Q1\n3. Review fixed income duration as rates stabilize""},""generated_content"":{""S"":""## Q4 2025 Portfolio Review - Dylan Jackson\n\n### Performance Summary\n| Asset Class | Q4 Return | YTD Return | Allocation |\n|-------------|-----------|------------|------------|\n| Fixed Income | 4.1% | 5.8% | 45% |\n| Equities | 12.3% | 18.2% | 50% |\n| Cash | 0.5% | 2.1% | 5% |\n| **Total** | **8.2%** | **12.4%** | 100% |\n\n### Key Observations\n- Portfolio outperformed benchmark by 1.5% this quarter\n- Strong equity performance driven by tech sector recovery\n- Fixed income stable despite rate volatility\n\n### Recommendations for Q1 2026\n1. **Maintain current allocation** - Risk profile alignment is excellent\n2. **Increase dividend equities** - Add 2% to dividend-focused funds\n3. **Monitor rate environment** - Be prepared to adjust duration if rates rise\n\n### Next Steps\n- Schedule client meeting to review findings\n- Prepare rebalancing trades if approved\n- Update financial plan projections""}}},""task_id"":{""S"":""T000001""},""ai_completed"":{""BOOL"":true},""title"":{""S"":""Review Q4 Portfolio Performance for Dylan Jackson""},""priority"":{""S"":""high""},""created_by"":{""S"":""System""},""client_id"":{""S"":""C000026""},""tags"":{""L"":[{""S"":""portfolio""},{""S"":""quarterly-review""},{""S"":""investment""}]},""completed_at"":{""NULL"":true},""updated_at"":{""S"":""2026-01-20T16:30:00Z""},""ai_action_type"":{""S"":""portfolio_review""},""updated_by"":{""S"":""AI""},""task_type"":{""S"":""review""},""client_name"":{""S"":""Dylan Jackson""},""status"":{""S"":""needs-review""},""assigned_to"":{""S"":""advisor""}}","TASK","STATUS#needs-review","DUE#2026-01-21T10:00:00Z#T000001"
"CLIENT#C000025","PROFILE","{""country"":{""S"":""Canada""},""occupation"":{""NULL"":true},""offboarding_date"":{""NULL"":true},""referral_source"":{""S"":""Friend""},""client_type"":{""S"":""Trust""},""preferred_contact_time"":{""S"":""Evening""},""secondary_email"":{""S"":""geraldthompson@gmail.com""},""client_id"":{""S"":""C000025""},""primary_phone"":{""S"":""480-400-8893""},""relationship_start_date"":{""S"":""2024-03-02""},""last_interaction_summary"":{""S"":""Speech station lawyer evidence movie already set.""},""privacy_policy_version_accepted"":{""S"":""v3.0""},""last_contact"":{""S"":""2024-11-04T01:23:35.731445Z""},""risk_profile"":{""S"":""conservative""},""client_tags"":{""L"":[{""S"":""individual""},{""S"":""total""},{""S"":""send""}]},""kyc_completed_date"":{""S"":""2024-03-21""},""record_version"":{""N"":""4""},""consent_data_processing"":{""BOOL"":true},""created_by"":{""S"":""User8""},""deleted_at"":{""NULL"":true},""relationship_end_date"":{""NULL"":true},""updated_by"":{""S"":""User8""},""consent_timestamp"":{""S"":""2024-03-08""},""preferred_name"":{""S"":""Rebecca""},""gender"":{""S"":""Female""},""city"":{""S"":""Ottawa""},""date_of_birth"":{""S"":""1983-03-24""},""created_at"":{""S"":""2026-01-14T01:23:35.731439Z""},""employer_name"":{""S"":""Joseph Group""},""external_client_reference"":{""S"":""EXT-6732""},""internal_notes"":{""S"":""Contain artist material sure require hard yes job. Apply choose expert.""},""updated_at"":{""S"":""2024-11-04T01:23:35.731445Z""},""secondary_phone"":{""NULL"":true},""client_segment"":{""NULL"":true},""address_line_1"":{""S"":""73598 Evans Keys Apt. 001""},""consent_marketing"":{""NULL"":true},""address_line_2"":{""NULL"":true},""next_meeting"":{""S"":""2026-02-01T09:00:00Z""},""first_name"":{""S"":""Rebecca""},""kyc_status"":{""S"":""Failed""},""address_type"":{""S"":""Home""},""is_primary_address"":{""BOOL"":false},""last_name"":{""S"":""Choi""},""state_province"":{""S"":""Ontario""},""middle_name"":{""S"":""Natalie""},""language_preference"":{""S"":""English""},""marital_status"":{""NULL"":true},""client_status"":{""S"":""Prospect""},""portfolio_value"":{""N"":""125000""},""sin_last4"":{""S"":""5298""},""preferred_contact_method"":{""S"":""Phone""},""primary_email"":{""S"":""emolina@ryan.biz""},""postal_code"":{""S"":""K1P 1J1""},""account_manager_id"":{""S"":""AM020""},""onboarding_date"":{""S"":""2024-03-02""}}","CLIENT","TYPE#CLIENT","STATUS#Prospect#C000025"
"TASK#T000012","DETAIL","{""policy_id"":{""NULL"":true},""due_date"":{""S"":""2026-01-28T14:00:00Z""},""description"":{""S"":""Meet with Douglas Mooney to review and sign beneficiary change paperwork and discuss whole life conversion options.""},""created_at"":{""S"":""2026-01-20T11:00:00Z""},""ai_completion_data"":{""NULL"":true},""task_id"":{""S"":""T000012""},""ai_completed"":{""BOOL"":false},""title"":{""S"":""In-person meeting with Douglas Mooney""},""priority"":{""S"":""high""},""created_by"":{""S"":""advisor""},""client_id"":{""S"":""C000004""},""tags"":{""L"":[{""S"":""meeting""},{""S"":""in-person""},{""S"":""beneficiary""},{""S"":""life-insurance""}]},""completed_at"":{""NULL"":true},""updated_at"":{""S"":""2026-01-20T11:00:00Z""},""ai_action_type"":{""NULL"":true},""updated_by"":{""S"":""advisor""},""task_type"":{""S"":""meeting""},""client_name"":{""S"":""Douglas Mooney""},""status"":{""S"":""pending""},""assigned_to"":{""S"":""advisor""}}","TASK","STATUS#pending","DUE#2026-01-28T14:00:00Z#T000012"
"CLIENT#C000004","PROFILE","{""country"":{""S"":""Canada""},""occupation"":{""NULL"":true},""offboarding_date"":{""NULL"":true},""referral_source"":{""S"":""Other""},""client_type"":{""S"":""Trust""},""preferred_contact_time"":{""S"":""Evening""},""secondary_email"":{""S"":""chad69@gmail.com""},""client_id"":{""S"":""C000004""},""primary_phone"":{""S"":""268-181-3976x598""},""relationship_start_date"":{""S"":""2025-05-27""},""last_interaction_summary"":{""S"":""Town environment sea make.""},""privacy_policy_version_accepted"":{""S"":""v2.1""},""last_contact"":{""S"":""2025-01-25T01:23:35.707101Z""},""risk_profile"":{""S"":""conservative""},""client_tags"":{""L"":[{""S"":""upon""}]},""kyc_completed_date"":{""S"":""2025-07-24""},""record_version"":{""N"":""4""},""consent_data_processing"":{""NULL"":true},""created_by"":{""S"":""User3""},""deleted_at"":{""NULL"":true},""relationship_end_date"":{""NULL"":true},""updated_by"":{""S"":""User1""},""consent_timestamp"":{""S"":""2025-05-27""},""preferred_name"":{""S"":""Douglas""},""gender"":{""S"":""Other""},""city"":{""S"":""East Rebecca""},""date_of_birth"":{""S"":""1965-08-03""},""created_at"":{""S"":""2020-11-21T01:23:35.707094Z""},""employer_name"":{""S"":""Garcia, Mcgrath and Hamilton""},""external_client_reference"":{""S"":""EXT-9485""},""internal_notes"":{""S"":""Fly establish rich analysis. Trip pay after enter bed between little.""},""updated_at"":{""S"":""2025-01-25T01:23:35.707101Z""},""secondary_phone"":{""S"":""0815295731""},""client_segment"":{""S"":""High Net Worth""},""address_line_1"":{""S"":""81473 Hill Islands""},""consent_marketing"":{""BOOL"":true},""address_line_2"":{""S"":""Apt. 798""},""next_meeting"":{""S"":""2026-01-28T14:00:00Z""},""first_name"":{""S"":""Douglas""},""kyc_status"":{""S"":""Pending""},""address_type"":{""S"":""Home""},""is_primary_address"":{""BOOL"":false},""last_name"":{""S"":""Mooney""},""state_province"":{""S"":""Ontario""},""middle_name"":{""NULL"":true},""language_preference"":{""S"":""English""},""marital_status"":{""S"":""Widowed""},""client_status"":{""S"":""Active""},""portfolio_value"":{""N"":""1850000""},""sin_last4"":{""S"":""4819""},""preferred_contact_method"":{""S"":""Phone""},""primary_email"":{""S"":""derekkrause@hotmail.com""},""postal_code"":{""S"":""23952""},""account_manager_id"":{""S"":""AM017""},""onboarding_date"":{""S"":""2025-05-27""}}","CLIENT","TYPE#CLIENT","STATUS#Active#C000004"
"POLICY#POL000009","DETAIL","{""correspondences"":{""L"":[]},""policy_id"":{""S"":""POL000009""},""coverage_description"":{""S"":""Term Life Insurance - 20 Year Term""},""open_claims_count"":{""N"":""0""},""premium_amount"":{""N"":""180""},""policy_status"":{""S"":""Active""},""created_at"":{""S"":""2022-02-15T11:00:00Z""},""exclusions"":{""L"":[{""S"":""Suicide within first 2 years""}]},""client_id"":{""S"":""C000026""},""coverage_limits"":{""M"":{""death_benefit"":{""N"":""1000000""},""accidental_death"":{""N"":""2000000""}}},""total_claims_amount"":{""N"":""0""},""policy_version"":{""N"":""2""},""reinstatement_date"":{""NULL"":true},""policy_number"":{""S"":""LI-2022-00067""},""issue_date"":{""S"":""2022-02-15""},""renewal_date"":{""S"":""2042-03-01""},""internal_notes"":{""NULL"":true},""updated_at"":{""S"":""2026-01-01T00:00:00Z""},""effective_date"":{""S"":""2022-03-01""},""last_claim_date"":{""NULL"":true},""billing_cycle"":{""S"":""1st of month""},""premium_frequency"":{""S"":""Monthly""},""lapse_date"":{""NULL"":true},""beneficiaries"":{""L"":[{""M"":{""name"":{""S"":""Holly Jackson""},""contingent"":{""BOOL"":false},""relationship"":{""S"":""Child""},""percentage"":{""N"":""100""}}}]},""parent_policy_id"":{""NULL"":true},""payment_method"":{""S"":""PAD""},""next_payment_due_date"":{""S"":""2026-02-01""},""agent_notes"":{""S"":""Coverage adequate for current needs.""},""claims_count"":{""N"":""0""},""payment_status"":{""S"":""Current""},""policy_documents"":{""L"":[{""M"":{""document_id"":{""S"":""DOC009""},""file_name"":{""S"":""LI-2022-00067-contract.pdf""},""document_type"":{""S"":""Policy Contract""},""upload_date"":{""S"":""2022-02-15""}}}]},""last_payment_date"":{""S"":""2026-01-01""},""cancellation_reason"":{""NULL"":true},""record_version"":{""N"":""3""},""created_by"":{""S"":""Agent_Smith""},""deleted_at"":{""NULL"":true},""cancellation_date"":{""NULL"":true},""tags"":{""L"":[{""S"":""term-life""},{""S"":""high-coverage""}]},""policy_type"":{""S"":""Life Insurance""},""endorsements"":{""L"":[{""S"":""Waiver of premium rider""}]},""policy_category"":{""S"":""Individual""},""claims_history"":{""L"":[]},""coverage_end_date"":{""S"":""2042-03-01""},""updated_by"":{""S"":""System""},""coverage_amount"":{""N"":""1000000""},""auto_pay_enabled"":{""BOOL"":true},""customer_visible_notes"":{""NULL"":true},""coverage_start_date"":{""S"":""2022-03-01""}}","POLICY","CLIENT#C000026","POLICY#POL000009"
"CLIENT#C000001","PROFILE","{""country"":{""S"":""Canada""},""occupation"":{""S"":""Retail merchandiser""},""offboarding_date"":{""NULL"":true},""referral_source"":{""S"":""Event""},""client_type"":{""S"":""Trust""},""preferred_contact_time"":{""S"":""Evening""},""secondary_email"":{""S"":""averybrittney@johnson-adams.info""},""client_id"":{""S"":""C000001""},""primary_phone"":{""S"":""789-991-9941x832""},""relationship_start_date"":{""S"":""2022-12-01""},""last_interaction_summary"":{""S"":""Religious beat analysis any people around result.""},""privacy_policy_version_accepted"":{""S"":""v3.6""},""last_contact"":{""S"":""2024-12-03T01:23:35.703841Z""},""risk_profile"":{""S"":""moderate""},""client_tags"":{""L"":[{""S"":""environment""},{""S"":""hot""},{""S"":""consider""},{""S"":""air""}]},""kyc_completed_date"":{""S"":""2023-02-27""},""record_version"":{""N"":""3""},""consent_data_processing"":{""BOOL"":false},""created_by"":{""S"":""User9""},""deleted_at"":{""NULL"":true},""relationship_end_date"":{""NULL"":true},""updated_by"":{""S"":""User7""},""consent_timestamp"":{""S"":""2022-12-06""},""preferred_name"":{""S"":""Kelly""},""gender"":{""S"":""Female""},""city"":{""S"":""Davidtown""},""date_of_birth"":{""S"":""1997-09-06""},""created_at"":{""S"":""2016-03-19T01:23:35.703832Z""},""employer_name"":{""S"":""Monroe-Alvarez""},""external_client_reference"":{""S"":""EXT-8415""},""internal_notes"":{""S"":""Open lawyer black sport bed talk travel. Manage key media movie better season.""},""updated_at"":{""S"":""2024-12-03T01:23:35.703841Z""},""secondary_phone"":{""NULL"":true},""client_segment"":{""S"":""Mass Affluent""},""address_line_1"":{""S"":""80067 Lawrence Dam Suite 053""},""consent_marketing"":{""NULL"":true},""address_line_2"":{""NULL"":true},""next_meeting"":{""NULL"":true},""first_name"":{""S"":""Kelly""},""kyc_status"":{""S"":""Failed""},""address_type"":{""NULL"":true},""is_primary_address"":{""BOOL"":true},""last_name"":{""S"":""Randolph""},""state_province"":{""S"":""Virginia""},""middle_name"":{""S"":""Victor""},""language_preference"":{""S"":""English""},""marital_status"":{""NULL"":true},""client_status"":{""S"":""Dormant""},""portfolio_value"":{""N"":""285000""},""sin_last4"":{""S"":""8168""},""preferred_contact_method"":{""S"":""Phone""},""primary_email"":{""S"":""cwilliams@cook.com""},""postal_code"":{""S"":""05725""},""account_manager_id"":{""S"":""AM006""},""onboarding_date"":{""S"":""2022-12-01""}}","CLIENT","TYPE#CLIENT","STATUS#Dormant#C000001"
"CLIENT#C000005","PROFILE","{""country"":{""S"":""Canada""},""occupation"":{""S"":""Public house manager""},""offboarding_date"":{""NULL"":true},""referral_source"":{""S"":""Friend""},""client_type"":{""S"":""Individual""},""preferred_contact_time"":{""S"":""Morning""},""secondary_email"":{""S"":""tracyhenry@gmail.com""},""client_id"":{""S"":""C000005""},""primary_phone"":{""S"":""001-282-432-0017x46291""},""relationship_start_date"":{""S"":""2025-08-15""},""last_interaction_summary"":{""S"":""Decision find rock night song bring traditional.""},""privacy_policy_version_accepted"":{""S"":""v1.5""},""last_contact"":{""S"":""2025-05-03T01:23:35.708538Z""},""risk_profile"":{""S"":""moderate""},""client_tags"":{""L"":[{""S"":""natural""},{""S"":""other""}]},""kyc_completed_date"":{""S"":""2025-11-17""},""record_version"":{""N"":""4""},""consent_data_processing"":{""NULL"":true},""created_by"":{""S"":""User2""},""deleted_at"":{""NULL"":true},""relationship_end_date"":{""NULL"":true},""updated_by"":{""S"":""User3""},""consent_timestamp"":{""S"":""2025-08-24""},""preferred_name"":{""S"":""Carol""},""gender"":{""S"":""Female""},""city"":{""S"":""Toronto""},""date_of_birth"":{""S"":""1955-11-06""},""created_at"":{""S"":""2022-04-17T01:23:35.708529Z""},""employer_name"":{""S"":""Gomez-Bailey""},""external_client_reference"":{""S"":""EXT-2139""},""internal_notes"":{""S"":""Happy free cover force section fact. Painting care whether wait suggest near billion.""},""updated_at"":{""S"":""2025-05-03T01:23:35.708538Z""},""secondary_phone"":{""S"":""499-291-2451""},""client_segment"":{""S"":""High Net Worth""},""address_line_1"":{""S"":""93218 Brian Street""},""consent_marketing"":{""BOOL"":false},""address_line_2"":{""NULL"":true},""next_meeting"":{""S"":""2026-01-22T10:00:00Z""},""first_name"":{""S"":""Carol""},""kyc_status"":{""S"":""Failed""},""address_type"":{""S"":""Work""},""is_primary_address"":{""BOOL"":true},""last_name"":{""S"":""Ramirez""},""state_province"":{""S"":""Ontario""},""middle_name"":{""S"":""John""},""language_preference"":{""S"":""English""},""marital_status"":{""S"":""Married""},""client_status"":{""S"":""Active""},""portfolio_value"":{""N"":""1250000""},""sin_last4"":{""S"":""7409""},""preferred_contact_method"":{""S"":""Text""},""primary_email"":{""S"":""phillipswayne@cook.info""},""postal_code"":{""S"":""M5V 3A8""},""account_manager_id"":{""S"":""AM018""},""onboarding_date"":{""S"":""2025-08-15""}}","CLIENT","TYPE#CLIENT","STATUS#Active#C000005"
"POLICY#POL000004","DETAIL","{""correspondences"":{""L"":[]},""policy_id"":{""S"":""POL000004""},""coverage_description"":{""S"":""Critical Illness Insurance - 25 Conditions Covered""},""open_claims_count"":{""N"":""0""},""premium_amount"":{""N"":""85""},""policy_status"":{""S"":""Active""},""created_at"":{""S"":""2023-08-20T11:00:00Z""},""exclusions"":{""L"":[{""S"":""Pre-existing conditions""},{""S"":""Self-inflicted injuries""}]},""client_id"":{""S"":""C000005""},""coverage_limits"":{""M"":{""lump_sum_benefit"":{""N"":""100000""}}},""total_claims_amount"":{""N"":""0""},""policy_version"":{""N"":""1""},""reinstatement_date"":{""NULL"":true},""policy_number"":{""S"":""CI-2023-00156""},""issue_date"":{""S"":""2023-08-20""},""renewal_date"":{""S"":""2033-09-01""},""internal_notes"":{""NULL"":true},""updated_at"":{""S"":""2026-01-01T00:00:00Z""},""effective_date"":{""S"":""2023-09-01""},""last_claim_date"":{""NULL"":true},""billing_cycle"":{""S"":""1st of month""},""premium_frequency"":{""S"":""Monthly""},""lapse_date"":{""NULL"":true},""beneficiaries"":{""L"":[]},""parent_policy_id"":{""NULL"":true},""payment_method"":{""S"":""Credit Card""},""next_payment_due_date"":{""S"":""2026-02-01""},""agent_notes"":{""S"":""Added after annual review discussion.""},""claims_count"":{""N"":""0""},""payment_status"":{""S"":""Current""},""policy_documents"":{""L"":[{""M"":{""document_id"":{""S"":""DOC004""},""file_name"":{""S"":""CI-2023-00156-contract.pdf""},""document_type"":{""S"":""Policy Contract""},""upload_date"":{""S"":""2023-08-20""}}}]},""last_payment_date"":{""S"":""2026-01-01""},""cancellation_reason"":{""NULL"":true},""record_version"":{""N"":""3""},""created_by"":{""S"":""Agent_Smith""},""deleted_at"":{""NULL"":true},""cancellation_date"":{""NULL"":true},""tags"":{""L"":[{""S"":""critical-illness""},{""S"":""health""}]},""policy_type"":{""S"":""Critical Illness""},""endorsements"":{""L"":[]},""policy_category"":{""S"":""Individual""},""claims_history"":{""L"":[]},""coverage_end_date"":{""S"":""2033-09-01""},""updated_by"":{""S"":""System""},""coverage_amount"":{""N"":""100000""},""auto_pay_enabled"":{""BOOL"":true},""customer_visible_notes"":{""NULL"":true},""coverage_start_date"":{""S"":""2023-09-01""}}","POLICY","CLIENT#C000005","POLICY#POL000004"